<?xml version="1.0" encoding="UTF-8" standalone="no" ?><rsrc>  <ope id="128" theme="文字列演算子">    <item icon="310" label="代入" operator=":=" options="0"/>    <item icon="311" label="連結" operator="+" options="-1"/>    <item icon="312" label="反復" operator="*" options="-1"/>    <item icon="329" label="インデックス" operator="[[]]" options="-1"/>    <item icon="328" label="空の文字列" operator="&quot;&quot;" options="-1"/>  </ope>  <ope id="129" theme="数値演算子">    <item icon="310" label="代入" operator=":=" options="0"/>    <item icon="311" label="加算" operator="+" options="-1"/>    <item icon="313" label="減算" operator="-" options="-1"/>    <item icon="312" label="乗算" operator="*" options="-1"/>    <item icon="314" label="除算" operator="/" options="-1"/>    <item icon="315" label="整数値を返す除算" operator="\" options="-1"/>    <item icon="316" label="モジューロ" operator="%" options="-1"/>    <item icon="317" label="指数" operator="^" options="-1"/>  </ope>  <ope id="130" theme="日付演算子">    <item icon="310" label="代入" operator=":=" options="0"/>    <item icon="311" label="加算" operator="+" options="-1"/>    <item icon="313" label="差" operator="-" options="-1"/>    <item icon="318" label="空の日付" operator="!00/00/00!" options="-1"/>  </ope>  <ope id="131" theme="時間演算子">    <item icon="310" label="代入" operator=":=" options="0"/>    <item icon="311" label="加算" operator="+" options="-1"/>    <item icon="313" label="減算" operator="-" options="-1"/>    <item icon="312" label="乗算" operator="*" options="-1"/>    <item icon="314" label="除算" operator="/" options="-1"/>    <item icon="315" label="整数値を返す除算" operator="\" options="-1"/>    <item icon="316" label="モジューロ" operator="%" options="-1"/>    <item icon="319" label="空の時間" operator="?00:00:00?" options="-1"/>  </ope>  <ope id="132" theme="比較演算子">    <item icon="320" label="等しい" operator="=" options="-1"/>    <item icon="321" label="等しくない" operator="#" options="-1"/>    <item icon="322" label="より大きい" operator=">" options="-1"/>    <item icon="323" label="より大きいまたは等しい" operator=">=" options="-1"/>    <item icon="324" label="より小さい" operator="&lt;" options="-1"/>    <item icon="325" label="より小さいまたは等しい" operator="&lt;=" options="-1"/>  </ope>  <ope id="133" theme="論理演算子">    <item icon="326" label="かつ" operator="&amp;" options="-1"/>    <item icon="327" label="または" operator="|" options="-1"/>  </ope>     <Eti4 across="2" down="7" hGap="0" height="113" left="18" name="default" paper="US Letter" top="18" unit="point" vGap="0" width="255"/>  <Eti4 across="2" down="5" hGap="1" height="144" left="60" name="KOKUYO-ラベル改革-10面四辺余白付" paper="A4(210x297mm)" top="52" unit="point" vGap="0" width="244"/>  <Eti4 across="2" down="6" hGap="1" height="119" left="52" name="KOKUYO-ラベル改革-12面四辺余白付" paper="A4(210x297mm)" top="60" unit="point" vGap="1" width="244"/>  <Eti4 across="2" down="6" hGap="11" height="119" left="54" name="KOKUYO-ラベル改革-12面標準タイプ" paper="A4(210x297mm)" top="60" unit="point" vGap="1" width="237"/>  <Eti4 across="3" down="6" hGap="0" height="131" left="20" name="KOKUYO-ラベル改革-18面四辺余白付(角丸)" paper="A4(210x297mm)" top="25" unit="point" vGap="0" width="180"/>  <Eti4 across="3" down="6" hGap="0" height="119" left="0" name="KOKUYO-ラベル改革-18面上下余白付" paper="A4(210x297mm)" top="60" unit="point" vGap="1" width="198"/>  <Eti4 across="3" down="7" hGap="1" height="119" left="0" name="KOKUYO-ラベル改革-21面" paper="A4(210x297mm)" top="0" unit="point" vGap="0" width="198"/>  <Eti4 across="3" down="7" hGap="7" height="108" left="20" name="KOKUYO-ラベル改革-21面四辺余白付(角丸)" paper="A4(210x297mm)" top="42" unit="point" vGap="0" width="180"/>  <Eti4 across="3" down="7" hGap="0" height="108" left="0" name="KOKUYO-ラベル改革-21面上下余白付" paper="A4(210x297mm)" top="41" unit="point" vGap="0" width="198"/>  <Eti4 across="3" down="8" hGap="0" height="96" left="17" name="KOKUYO-ラベル改革-24面四辺余白付" paper="A4(210x297mm)" top="36" unit="point" vGap="0" width="187"/>  <Eti4 across="3" down="8" hGap="0" height="96" left="0" name="KOKUYO-ラベル改革-24面上下余白付" paper="A4(210x297mm)" top="36" unit="point" vGap="0" width="198"/>  <Eti4 across="2" down="6" hGap="0" height="119" left="53" name="KOKUYO-紙ラベル-12面-A" paper="A4(210x297mm)" top="63" unit="point" vGap="0" width="238"/>  <Eti4 across="3" down="4" hGap="7" height="204" left="20" name="KOKUYO-紙ラベル-12面-B" paper="A4(210x297mm)" top="12" unit="point" vGap="0" width="180"/>  <Eti4 across="2" down="7" hGap="8" height="108" left="13" name="KOKUYO-紙ラベル-14面" paper="A4(210x297mm)" top="42" unit="point" vGap="0" width="280"/>  <Eti4 across="2" down="8" hGap="8" height="96" left="13" name="KOKUYO-紙ラベル-16面" paper="A4(210x297mm)" top="36" unit="point" vGap="0" width="280"/>  <Eti4 across="3" down="6" hGap="7" height="132" left="20" name="KOKUYO-紙ラベル-18面" paper="A4(210x297mm)" top="24" unit="point" vGap="0" width="180"/>  <Eti4 across="3" down="7" hGap="7" height="108" left="20" name="KOKUYO-紙ラベル-21面" paper="A4(210x297mm)" top="42" unit="point" vGap="0" width="180"/>  <Eti4 across="3" down="8" hGap="7" height="96" left="18" name="KOKUYO-紙ラベル-24面-A" paper="A4(210x297mm)" top="36" unit="point" vGap="0" width="181"/>  <Eti4 across="3" down="8" hGap="0" height="99" left="17" name="KOKUYO-紙ラベル-24面-B" paper="A4(210x297mm)" top="24" unit="point" vGap="0" width="187"/>  <Eti4 across="2" down="5" hGap="1" height="155" left="39" name="KOKUYO-名刺カード-クリアカット-10面-表" paper="A4(210x297mm)" top="31" unit="point" vGap="1" width="257"/>  <Eti4 across="2" down="5" hGap="1" height="133" left="39" name="KOKUYO-名刺カード-クリアカット-10面-裏" paper="A4quer" top="42" unit="point" vGap="0" width="257"/>  <Eti4 across="2" down="5" hGap="0" height="136" left="28" name="HISAGO-A4タックシール-10面" paper="A4(210x297mm)" top="70" unit="point" vGap="0" width="252"/>  <Eti4 across="2" down="5" hGap="1" height="144" left="52" name="HISAGO-A4タックシール-10面四辺余白付" paper="A4(210x297mm)" top="60" unit="point" vGap="0" width="244"/>  <Eti4 across="2" down="6" hGap="0" height="119" left="57" name="HISAGO-A4タックシール-12面" paper="A4(210x297mm)" top="57" unit="point" vGap="1" width="237"/>  <Eti4 across="2" down="6" hGap="1" height="119" left="52" name="HISAGO-A4タックシール-12面四辺余白付" paper="A4(210x297mm)" top="60" unit="point" vGap="1" width="244"/>  <Eti4 across="3" down="6" hGap="0" height="119" left="0" name="HISAGO-A4タックシール-18面" paper="A4(210x297mm)" top="61" unit="point" vGap="1" width="198"/>  <Eti4 across="2" down="3" hGap="28" height="240" left="42" name="HISAGO-A4タックシール-21面" paper="A4(210x297mm)" top="31" unit="point" vGap="79" width="240"/>  <Eti4 across="6" down="4" hGap="0" height="210" left="0" name="HISAGO-A4タックシール-24面" paper="A4(210x297mm)" top="0" unit="point" vGap="0" width="99"/>  <Eti4 across="3" down="8" hGap="0" height="96" left="0" name="HISAGO-A4タックシール-24面上下余白付" paper="A4(210x297mm)" top="36" unit="point" vGap="0" width="198"/>  <Eti4 across="2" down="5" hGap="0" height="155" left="42" name="HISAGO-Wazabeeシリーズ-名刺" paper="A4(210x297mm)" top="19" unit="point" vGap="1" width="255"/>  <Eti4 across="2" down="4" hGap="23" height="155" left="28" name="HISAGO-名刺カード-8面" paper="A4(210x297mm)" top="70" unit="point" vGap="26" width="257"/>  <Eti4 across="2" down="5" hGap="0" height="155" left="42" name="HISAGO-名刺・カード-10面" paper="A4(210x297mm)" top="19" unit="point" vGap="1" width="255"/>  <Eti4 across="2" down="5" hGap="28" height="141" left="28" name="HISAGO-名刺・カード-10面(角丸)" paper="A4(210x297mm)" top="38" unit="point" vGap="15" width="255"/><!--  <Eti4 across="2" down="6" hGap="0" height="119" left="52" name="A-one 28382" paper="A4(210x297mm)" top="60" unit="point" vGap="0" width="244"/>  <Eti4 across="3" down="7" hGap="0" height="119" left="0" name="A-one 28383" paper="A4(210x297mm)" top="0" unit="point" vGap="0" width="198"/>  <Eti4 across="3" down="6" hGap="0" height="119" left="0" name="A-one 28384" paper="A4(210x297mm)" top="0" unit="point" vGap="0" width="198"/>  <Eti4 across="3" down="7" hGap="0" height="108" left="0" name="A-one 28385" paper="A4(210x297mm)" top="41" unit="point" vGap="0" width="198"/>  <Eti4 across="3" down="8" hGap="0" height="96" left="0" name="A-one 28386" paper="A4(210x297mm)" top="36" unit="point" vGap="0" width="198"/>  <Eti4 across="2" down="5" hGap="0" height="144" left="52" name="A-one 28387" paper="A4(210x297mm)" top="60" unit="point" vGap="0" width="244"/>  <Eti4 across="4" down="11" hGap="0" height="72" left="23" name="A-one 28388" paper="A4(210x297mm)" top="24" unit="point" vGap="0" width="136"/>  <Eti4 across="3" down="8" hGap="0" height="96" left="17" name="A-one 28389" paper="" top="36" unit="point" vGap="0" width="187"/>  <Eti4 across="3" down="6" hGap="0" height="131" left="20" name="A-one 28390" paper="" top="25" unit="point" vGap="0" width="180"/>  <Eti4 across="4" down="15" hGap="11" height="34" left="76" name="A-one 31135" paper="" top="68" unit="point" vGap="11" width="102"/>  <Eti4 across="4" down="20" hGap="11" height="22" left="76" name="A-one 31139" paper="" top="68" unit="point" vGap="11" width="102"/>  <Eti4 across="5" down="20" hGap="11" height="22" left="76" name="A-one 31141" paper="" top="68" unit="point" vGap="11" width="79"/>  <Eti4 across="6" down="20" hGap="11" height="22" left="99" name="A-one 31143" paper="" top="68" unit="point" vGap="11" width="56"/>  <Eti4 across="2" down="5" hGap="5" height="136" left="28" name="A-one 28911" paper="" top="70" unit="point" vGap="0" width="252"/>  <Eti4 across="2" down="6" hGap="11" height="120" left="55" name="A-one 28915" paper="" top="61" unit="point" vGap="0" width="238"/>  <Eti4 across="3" down="8" hGap="0" height="96" left="28" name="A-one 28935" paper="" top="20" unit="point" vGap="0" width="198"/>--></rsrc>